24.28,26.06,25.95,25.25,25.42,25.45,25.2,25.25,24.72,24.11,25.49,24.79000000000001,24.570000000000004,25.14,24.83,23.0,-7.333333333333332,0.545
24.19,26.5,26.39,25.51,25.38,25.71,25.2,25.34,24.72,24.06,25.49,24.79,24.66,25.18,24.96,24.0,-7.0,2.043
24.37,26.94,26.87,25.820000000000004,25.42,26.13,25.29000000000001,25.47,24.72,24.24,25.53,24.79000000000001,24.66,25.27,25.100000000000005,24.0,-7.0,4.581
24.46,27.25,27.18,26.13,25.47,26.52,25.34,25.600000000000005,24.77,24.41,25.53,24.79000000000001,24.66,25.36,25.23,24.66666666666667,-7.0,9.63
24.59,27.47,27.399999999999995,26.39,25.56,26.92,25.42,25.73,24.77,24.68,25.58,24.79000000000001,24.7,25.49,25.36,25.0,-6.333333333333332,15.189
24.68,27.69,27.53,26.66,25.64,27.31,25.56,25.86,24.81,24.99,25.62,24.83,24.7,25.62,25.45,25.0,-6.5,17.588
24.63,27.86,27.67,26.87,25.69,27.62,25.64,26.0,24.85,25.12,25.67,24.83,24.7,25.75,25.53,26.0,-6.0,22.680999999999997
24.59,28.04000000000001,27.71,27.09,25.69,27.89,25.73,26.08,24.899999999999995,25.03,25.71,24.88,24.74,25.89,25.62,26.0,-6.666666666666668,26.245
24.55,28.17,27.8,27.27,25.69,28.19,25.820000000000004,26.22,24.899999999999995,24.99,25.75,24.88,24.74,26.02,25.71,26.0,-6.0,29.406999999999996
24.55,28.3,27.89,27.45,25.69,28.46,25.91,26.3,24.94,24.94,25.8,24.92,24.79,26.11,25.75,27.0,-6.0,32.623000000000005
24.55,28.39,27.93,27.58,25.73,28.68,26.0,26.39,24.99,24.94,25.84,24.92,24.79,26.24,25.8,27.0,-6.0,34.667
24.59,28.52,28.02,27.71,25.73,28.92,26.04000000000001,26.48,25.03,24.94,25.89,24.96,24.79000000000001,26.33,25.84,27.0,-6.0,36.41
24.59,28.65,28.06,27.84,25.73,29.09,26.13,26.57,25.07,24.85,25.93,25.01,24.79,26.41,25.89,27.5,-6.0,39.039
24.55,28.74,28.149999999999995,27.93,25.73,29.27,26.22,26.61,25.12,24.850000000000005,25.97,25.01,24.83,26.5,25.93,28.0,-7.0,39.395
24.55,28.83,28.19,28.02,25.73,29.45,26.26,26.7,25.16,24.77,26.04000000000001,25.05,24.83,26.59,26.0,28.0,-6.333333333333332,41.288000000000004
24.5,28.92,28.24,28.11,25.73,29.58,26.35,26.74,25.16,24.72,26.08,25.1,24.83,26.68,26.0,28.0,-6.0,43.045
24.5,29.01,28.28,28.19,25.73,29.75,26.39,26.79,25.2,24.77,26.08,25.1,24.88,26.77,26.04,28.0,-6.0,43.894
24.396666666666665,29.09,28.28,28.28,25.73,29.89,26.48,26.83,25.25,24.72,26.13,25.14,24.88,26.81,26.08,29.0,-7.0,45.401
24.37,29.18,28.33,28.37,25.600000000000005,30.0,26.52,26.92,25.25,24.63,26.17,25.14,24.83,26.899999999999995,26.04000000000001,29.0,-6.333333333333332,45.626999999999995
24.33,29.27,28.28,28.41,25.47,30.13,26.61,26.92,25.29,24.59,26.17,25.14,24.83,26.94,26.04,29.0,-6.5,47.288000000000004
24.37,29.31,28.37,28.46,25.38,30.21,26.61,26.96,25.29,24.63,26.22,25.18,24.88,27.03,26.08,29.0,-7.0,48.527
24.46,29.399999999999995,28.41,28.5,25.47,30.39,26.7,27.01,25.34,24.77,26.26,25.18,24.92,27.070000000000004,26.17,29.0,-7.333333333333332,46.343999999999994
24.59,29.49,28.46,28.54,25.56,30.52,26.79,27.05,25.38,24.9,26.26,25.23,24.96,27.16,26.22,29.0,-6.5,47.56800000000001
24.68,29.53,28.5,28.61,25.6,30.61,26.83,27.09,25.42,24.99,26.3,25.27,24.96,27.2,26.26,29.0,-6.0,48.275
24.59,29.62,28.5,28.649999999999995,25.64,30.68333333333333,26.87,27.14,25.42,24.94,26.350000000000005,25.27,24.96,27.29000000000001,26.26,29.0,-6.333333333333332,47.735
24.46,29.67,28.5,28.649999999999995,25.64,30.74,26.87,27.14,25.42,24.72,26.350000000000005,25.27,24.96,27.34,26.22,30.0,-6.0,50.195
24.41,29.71,28.54,28.7,25.6,30.81,26.92,27.18,25.47,24.63,26.39,25.31,24.96,27.38,26.22,30.0,-6.0,49.188
24.37,29.8,28.54000000000001,28.74,25.56,30.87,27.01,27.23,25.47,24.59,26.39,25.31,24.96,27.42,26.26,30.0,-6.666666666666668,51.022
24.46,29.84,28.54000000000001,28.74,25.600000000000005,30.94,27.01,27.23,25.51,24.63,26.44,25.36,25.01,27.47,26.26,30.0,-6.666666666666668,51.672
24.68,29.71,28.5,28.7,25.69,30.98,27.09,27.23,25.56,24.81,26.44,25.36,25.01,27.51,26.3,30.0,-6.0,49.016999999999996
24.81,29.62,28.37,28.649999999999995,25.820000000000004,30.98,27.14,27.27,25.56,24.99,26.48,25.399999999999995,25.01,27.56,26.3,30.0,-6.0,46.736999999999995
24.94,29.53,28.266666666666666,28.61,25.95,30.96,27.18,27.27,25.600000000000005,25.16,26.48,25.45,25.01,27.600000000000005,26.3,30.0,-6.666666666666668,45.021
25.03,29.53,28.19,28.57,26.04,30.96,27.18,27.23,25.64,25.34,26.52,25.45,25.05,27.64,26.3,30.0,-6.0,42.023999999999994
25.12,29.53,28.149999999999995,28.52,26.13,30.92,27.23,27.23,25.64,25.47,26.52,25.49,25.05,27.64,26.3,30.0,-6.0,41.115
25.16,29.53,28.11,28.52,26.17,30.87,27.27,27.23,25.69,25.51,26.57,25.49,25.1,27.69,26.3,30.0,-6.0,40.356
25.2,29.53,28.06,28.48,26.26,30.87,27.27,27.23,25.69,25.6,26.57,25.53,25.14,27.69,26.3,29.0,-7.0,40.071
25.25,29.53,28.06,28.43,26.3,30.87,27.31,27.23,25.73,25.69,26.61,25.53,25.14,27.73,26.3,29.0,-6.5,38.14
25.29000000000001,29.53,28.06,28.43,26.39,30.850000000000005,27.31,27.27,25.73,25.73,26.61,25.58,25.14,27.73,26.3,29.0,-6.0,37.77
25.34,29.53,28.06,28.43,26.39,30.850000000000005,27.36,27.27,25.78,25.73,26.66,25.58,25.18,27.78,26.3,29.0,-6.0,37.961999999999996
25.34,29.58,28.06,28.43,26.44,30.85,27.36,27.27,25.78,25.78,26.66,25.62,25.18,27.78,26.3,29.0,-6.5,35.988
25.38,29.58,28.06,28.43,26.48,30.81,27.399999999999995,27.27,25.78,25.820000000000004,26.66,25.62,25.18,27.78,26.3,29.0,-6.333333333333332,36.808
25.42,29.62,28.06,28.43,26.52,30.81,27.399999999999995,27.27,25.820000000000004,25.86,26.7,25.67,25.23,27.820000000000004,26.3,29.0,-6.333333333333332,36.766
25.51,29.62,28.06,28.43,26.57,30.81,27.45,27.31,25.82,25.86,26.7,25.67,25.23,27.86,26.35,29.0,-6.0,36.439
25.56,29.62,28.06,28.43,26.66,30.81,27.45,27.31,25.86,25.91,26.74,25.71,25.27,27.86,26.350000000000005,29.0,-6.666666666666668,34.321999999999996
25.64,29.67,28.06,28.43,26.7,30.850000000000005,27.49,27.31,25.91,26.0,26.74,25.75,25.27,27.91,26.39,29.0,-6.333333333333332,34.576
25.69,29.67,28.11,28.43,26.74,30.85,27.49,27.36,25.91,26.04,26.74,25.75,25.27,27.91,26.37,29.0,-6.0,34.455999999999996
25.78,29.67,28.11,28.48,26.79000000000001,30.850000000000005,27.53,27.36,25.95,26.08,26.79000000000001,25.8,25.31,27.95,26.41,29.0,-6.333333333333332,34.207
25.820000000000004,29.71,28.11,28.48,26.87,30.850000000000005,27.53,27.36,25.95,26.13,26.83,25.8,25.36,27.95,26.41,29.0,-6.0,32.122
25.820000000000004,29.71,28.11,28.48,26.92,30.899999999999995,27.58,27.399999999999995,26.0,26.17,26.83,25.84,25.36,28.0,26.41,29.0,-6.333333333333332,33.174
25.86,29.71,28.15,28.48,26.92,30.87,27.58,27.4,26.0,26.22,26.87,25.84,25.36,28.0,26.46,29.0,-6.0,33.632
25.69,29.71,28.11,28.48,26.83,30.81,27.58,27.4,26.0,26.08,26.87,25.84,25.36,27.95,26.37,29.0,-6.0,32.464
25.47,29.71,28.06,28.48,26.7,30.81,27.53,27.4,26.0,25.91,26.87,25.84,25.31,27.95,26.28,29.0,-6.0,34.984
25.29,29.67,27.97,28.43,26.52,30.76,27.53,27.36,26.0,25.69,26.83,25.8,25.23,27.91,26.19,29.0,-6.0,34.451
25.2,29.67,27.93,28.48,26.39,30.74,27.53,27.36,26.0,25.56,26.83,25.8,25.23,27.91,26.19,29.0,-6.5,36.56800000000001
25.07,29.45,27.8,28.35,26.26,30.65,27.45,27.36,25.95,25.42,26.83,25.8,25.18,27.86,26.15,29.0,-6.0,33.851
25.03,29.27,27.62,28.22,26.22,30.52,27.45,27.31,25.95,25.38,26.79,25.75,25.18,27.82,26.11,29.0,-6.0,32.531
25.03,29.18,27.49,28.13,26.17,30.43,27.45,27.27,25.95,25.38,26.79,25.75,25.23,27.82,26.11,29.0,-6.0,30.9
25.070000000000004,29.14,27.399999999999995,28.04000000000001,26.22,30.350000000000005,27.45,27.23,25.95,25.47,26.79000000000001,25.8,25.23,27.820000000000004,26.06,29.0,-6.0,27.607
25.12,29.05,27.31,28.0,26.22,30.26,27.45,27.18,25.95,25.51,26.79,25.75,25.23,27.78,26.02,29.0,-6.0,26.891
25.03,29.01,27.27,27.91,26.26,30.13,27.4,27.18,25.95,25.47,26.79,25.8,25.27,27.73,25.97,28.5,-6.0,25.474
24.899999999999995,28.92,27.21333333333333,27.86,26.22,30.08,27.36,27.14,25.91,25.34,26.74,25.75,25.23,27.73,25.93,28.0,-6.0,26.678
25.03,28.92,27.14,27.820000000000004,26.17,30.0,27.36,27.09,25.91,25.29000000000001,26.74,25.75,25.23,27.69,25.93,28.0,-6.0,25.962
25.07,28.87,27.09,27.78,26.22,29.93,27.31,27.09,25.91,25.38,26.7,25.75,25.23,27.64,25.93,28.0,-5.5,22.158
24.94,28.79000000000001,27.05,27.73,26.13,29.8,27.27,27.05,25.91,25.42,26.7,25.71,25.18,27.600000000000005,25.8,28.0,-6.0,22.298000000000002
24.899999999999995,28.74,27.01,27.69,26.08,29.75,27.23,27.01,25.86,25.38,26.66,25.71,25.14,27.51,25.75,28.0,-6.333333333333332,21.736
24.9,28.7,26.92,27.6,26.04,29.67,27.18,26.96,25.86,25.34,26.66,25.67,25.14,27.51,25.75,28.0,-6.0,21.79300000000001
24.9,28.65,26.92,27.6,26.0,29.62,27.18,26.96,25.82,25.34,26.66,25.67,25.14,27.47,25.71,28.0,-6.0,21.315
24.99,28.65,26.92,27.56,26.04,29.58,27.18,26.96,25.82,25.38,26.66,25.67,25.18,27.47,25.75,28.0,-6.0,18.85
25.03,28.61,26.87,27.56,26.08,29.53,27.18,26.92,25.82,25.47,26.61,25.67,25.18,27.47,25.71,28.0,-6.0,19.436
24.99,28.57,26.87,27.51,26.08,29.49,27.14,26.92,25.82,25.47,26.61,25.67,25.14,27.42,25.71,28.0,-6.0,20.152
24.94,28.52,26.83,27.47,26.08,29.45,27.09,26.87,25.78,25.42,26.570000000000004,25.62,25.100000000000005,27.38,25.64,28.0,-6.0,17.866
24.94,28.48,26.79,27.42,26.04,29.38,27.05,26.83,25.78,25.42,26.57,25.62,25.1,27.34,25.64,28.0,-5.5,18.759
24.94,28.48,26.79,27.42,26.04,29.36,27.05,26.83,25.78,25.42,26.57,25.62,25.1,27.34,25.6,27.5,-6.0,18.816
24.94,28.43,26.74,27.38,26.04,29.31,27.05,26.79,25.78,25.47,26.57,25.58,25.1,27.29,25.6,27.5,-6.0,16.862000000000002
25.03,28.43,26.79000000000001,27.38,26.08,29.31,27.05,26.79000000000001,25.78,25.47,26.52,25.58,25.14,27.34,25.64,27.0,-6.333333333333332,16.477999999999998
25.16,28.43,26.79000000000001,27.38,26.22,29.31,27.05,26.79000000000001,25.78,25.56,26.570000000000004,25.62,25.14,27.34,25.64,27.0,-6.333333333333332,16.084
25.29,28.43,26.83,27.38,26.3,29.31,27.05,26.79,25.78,25.64,26.57,25.62,25.14,27.34,25.67,27.0,-6.0,14.397
25.34,28.39,26.79,27.34,26.35,29.27,27.01,26.79,25.78,25.73,26.57,25.62,25.18,27.29,25.71,27.0,-6.0,15.002
25.34,28.26,26.79,27.16,26.39,29.18,27.01,26.79,25.78,25.73,26.57,25.62,25.18,27.29,25.71,27.0,-6.0,13.798
25.38,28.13,26.7,27.03,26.44,29.05,27.01,26.7,25.78,25.78,26.57,25.67,25.23,27.29,25.71,27.0,-6.0,11.367
25.38,28.08,26.66,26.9,26.44,28.92,26.96,26.66,25.78,25.82,26.57,25.67,25.18,27.25,25.67,27.0,-6.0,8.863999999999997
25.47,28.0,26.61,26.81,26.52,28.79,26.96,26.61,25.78,25.86,26.52,25.67,25.18,27.25,25.67,27.0,-5.0,8.74
25.51,27.91,26.57,26.72,26.57,28.7,26.96,26.57,25.73,25.86,26.52,25.67,25.23,27.25,25.67,26.0,-6.0,8.787
25.56,27.86,26.57,26.63,26.61,28.61,26.92,26.52,25.73,25.91,26.52,25.67,25.23,27.2,25.62,26.0,-6.0,5.54
25.6,27.82,26.52,26.59,26.66,28.52,26.92,26.48,25.73,25.95,26.52,25.67,25.23,27.2,25.62,26.0,-6.5,6.737
25.600000000000005,27.78,26.52,26.55,26.66,28.48,26.87,26.48,25.73,25.95,26.52,25.67,25.23,27.16,25.62,26.0,-7.0,6.662999999999999
25.64,27.78,26.52,26.5,26.7,28.43,26.87,26.44,25.69,26.0,26.48,25.67,25.23,27.16,25.62,26.0,-7.0,4.8580000000000005
25.64,27.73,26.52,26.46,26.74,28.35,26.87,26.39,25.69,26.0,26.48,25.67,25.23,27.12,25.62,26.0,-6.0,5.372000000000001
25.64,27.69,26.48,26.41,26.74,28.3,26.83,26.39,25.69,26.0,26.48,25.67,25.23,27.12,25.62,26.0,-7.0,5.685
25.64,27.64,26.48,26.37,26.79,28.26,26.83,26.35,25.69,26.0,26.48,25.67,25.23,27.07,25.62,26.0,-6.0,6.0070000000000014
25.64,27.64,26.48,26.33,26.79000000000001,28.17,26.83,26.350000000000005,25.69,26.04000000000001,26.48,25.67,25.23,27.070000000000004,25.62,26.0,-7.333333333333332,4.388999999999999
25.64,27.6,26.48,26.28,26.79,28.13,26.79,26.3,25.64,26.0,26.44,25.67,25.23,27.03,25.62,26.0,-6.0,4.72
25.64,27.56,26.48,26.28,26.79000000000001,28.08,26.79000000000001,26.3,25.64,26.04000000000001,26.44,25.67,25.23,27.03,25.62,26.0,-6.0,4.784
25.64,27.56,26.48,26.24,26.79,28.04,26.74,26.3,25.64,26.04,26.44,25.67,25.23,26.98,25.62,26.0,-7.0,3.6430000000000002
25.64,27.51,26.48,26.24,26.79000000000001,28.0,26.74,26.26,25.64,26.0,26.44,25.67,25.23,26.98,25.62,25.66666666666667,-6.333333333333332,4.087
25.64,27.51,26.48,26.19,26.79000000000001,27.95,26.74,26.26,25.64,26.04000000000001,26.44,25.67,25.23,26.94,25.62,25.0,-6.0,4.749
25.64,27.47,26.48,26.19,26.79,27.95,26.74,26.26,25.6,26.04,26.39,25.67,25.23,26.94,25.62,25.0,-6.0,3.3789999999999996
25.64,27.42,26.48,26.15,26.83,27.91,26.7,26.26,25.6,26.0,26.39,25.67,25.23,26.94,25.62,25.0,-6.5,4.095
25.600000000000005,27.42,26.48,26.149999999999995,26.83,27.86,26.7,26.22,25.600000000000005,26.0,26.39,25.67,25.23,26.899999999999995,25.62,25.0,-6.333333333333332,4.513999999999999
25.6,27.38,26.44,26.11,26.83,27.82,26.7,26.22,25.6,26.04,26.39,25.67,25.23,26.9,25.62,25.0,-6.5,3.359
25.6,27.38,26.44,26.11,26.83,27.82,26.66,26.22,25.6,26.0,26.39,25.67,25.27,26.9,25.62,25.0,-6.0,3.6889999999999996
25.600000000000005,27.38,26.44,26.11,26.83,27.78,26.66,26.22,25.600000000000005,26.0,26.39,25.67,25.27,26.850000000000005,25.62,25.0,-6.0,4.08
25.6,27.34,26.44,26.11,26.83,27.78,26.66,26.17,25.6,26.04,26.39,25.67,25.27,26.85,25.62,25.0,-6.0,3.228
25.600000000000005,27.34,26.44,26.06,26.79000000000001,27.73,26.61,26.17,25.56,26.0,26.39,25.67,25.27,26.850000000000005,25.62,25.0,-6.333333333333332,3.6
25.6,27.34,26.44,26.06,26.83,27.69,26.61,26.17,25.56,26.04,26.39,25.62,25.27,26.81,25.62,25.0,-6.0,3.73
25.600000000000005,27.29000000000001,26.44,26.06,26.83,27.69,26.61,26.17,25.56,26.04000000000001,26.350000000000005,25.62,25.27,26.81,25.62,25.0,-3.0,2.799
25.6,27.29,26.44,26.06,26.83,27.64,26.61,26.17,25.56,26.0,26.35,25.62,25.27,26.81,25.62,25.0,-6.5,3.397
25.6,27.29,26.44,26.02,26.83,27.64,26.57,26.17,25.56,26.0,26.35,25.62,25.27,26.81,25.62,25.0,-6.0,3.449
25.600000000000005,27.25,26.44,26.02,26.83,27.64,26.570000000000004,26.13,25.56,26.0,26.350000000000005,25.62,25.27,26.77,25.62,25.0,-6.666666666666668,2.5610000000000004
25.6,27.25,26.44,26.02,26.83,27.6,26.57,26.13,25.56,26.0,26.35,25.62,25.27,26.77,25.62,25.0,-6.0,3.1519999999999997
25.6,27.25,26.44,26.02,26.83,27.6,26.57,26.13,25.56,26.04,26.35,25.62,25.27,26.77,25.62,25.0,-6.0,3.293
25.600000000000005,27.2,26.44,26.02,26.83,27.56,26.52,26.13,25.56,26.04000000000001,26.350000000000005,25.62,25.27,26.77,25.62,25.0,-6.0,2.425
25.6,27.2,26.44,26.02,26.83,27.56,26.52,26.13,25.56,26.0,26.35,25.62,25.27,26.72,25.62,25.0,-6.0,3.318
25.6,27.2,26.44,25.97,26.83,27.56,26.52,26.13,25.56,26.0,26.35,25.62,25.27,26.72,25.62,25.0,-6.0,3.99
25.600000000000005,27.2,26.44,25.97,26.83,27.56,26.52,26.13,25.56,26.04000000000001,26.350000000000005,25.62,25.27,26.72,25.62,25.0,-6.0,2.627
25.6,27.16,26.44,25.97,26.79,27.51,26.52,26.13,25.56,26.0,26.35,25.62,25.27,26.72,25.62,25.0,-6.5,3.263
25.600000000000005,27.16,26.44,25.97,26.79000000000001,27.51,26.52,26.13,25.56,26.0,26.3,25.62,25.27,26.72,25.62,25.0,-6.333333333333332,4.042
25.6,27.16,26.44,25.97,26.83,27.47,26.52,26.13,25.56,26.0,26.35,25.62,25.27,26.68,25.62,25.0,-6.0,2.35
25.600000000000005,27.16,26.44,25.97,26.79000000000001,27.47,26.48,26.13,25.56,26.0,26.350000000000005,25.62,25.27,26.68,25.62,25.0,-6.0,3.14
25.6,27.12,26.44,25.97,26.79,27.47,26.48,26.08,25.51,26.0,26.3,25.62,25.27,26.68,25.62,25.0,-6.0,3.577
25.6,27.12,26.44,25.97,26.79,27.42,26.48,26.08,25.51,26.0,26.3,25.62,25.27,26.68,25.62,25.0,-6.5,2.419
25.6,27.12,26.44,25.97,26.79,27.42,26.48,26.08,25.51,25.95,26.3,25.62,25.27,26.68,25.62,25.0,-6.5,2.8760000000000003
25.6,27.12,26.44,25.97,26.79,27.42,26.44,26.08,25.51,26.0,26.3,25.62,25.27,26.63,25.62,25.0,-6.5,3.616
25.600000000000005,27.070000000000004,26.44,25.93,26.79000000000001,27.42,26.48,26.08,25.51,25.95,26.3,25.58,25.27,26.63,25.62,25.0,-6.0,2.4730000000000003
25.56,27.070000000000004,26.44,25.93,26.74,27.38,26.44,26.08,25.51,25.95,26.3,25.58,25.27,26.63,25.62,25.0,-6.0,3.2030000000000003
25.56,27.070000000000004,26.44,25.93,26.74,27.38,26.44,26.08,25.51,25.95,26.3,25.58,25.27,26.63,25.62,25.0,-6.0,3.5389999999999997
25.56,27.07,26.44,25.93,26.74,27.38,26.44,26.08,25.51,25.95,26.3,25.58,25.27,26.59,25.62,25.0,-6.0,2.188
25.56,27.070000000000004,26.44,25.93,26.74,27.38,26.44,26.08,25.51,25.91,26.3,25.58,25.27,26.59,25.62,25.0,-6.0,3.4739999999999998
25.51,27.03,26.44,25.93,26.74,27.34,26.39,26.08,25.51,25.95,26.3,25.58,25.27,26.59,25.62,25.0,-6.0,2.9760000000000004
25.51,27.03,26.39,25.93,26.7,27.34,26.39,26.08,25.47,25.95,26.3,25.58,25.27,26.59,25.62,25.0,-6.0,2.8510000000000004
25.51,27.03,26.39,25.93,26.7,27.34,26.39,26.08,25.47,25.91,26.3,25.58,25.27,26.59,25.62,25.0,-6.333333333333332,3.324
25.51,27.03,26.39,25.93,26.7,27.34,26.39,26.08,25.47,25.95,26.3,25.58,25.27,26.59,25.62,25.0,-6.0,2.847
25.51,27.03,26.39,25.93,26.7,27.29,26.39,26.04,25.47,25.91,26.26,25.58,25.27,26.59,25.62,25.0,-6.0,2.306
25.51,27.03,26.39,25.93,26.7,27.29,26.39,26.04,25.47,25.91,26.26,25.58,25.27,26.59,25.62,25.0,-6.0,3.2119999999999997
25.47,26.98,26.39,25.93,26.7,27.29000000000001,26.39,26.04000000000001,25.47,25.91,26.26,25.58,25.27,26.55,25.62,25.0,-6.0,2.057
25.47,26.98,26.44,25.93,26.7,27.29,26.35,26.04,25.47,25.91,26.26,25.58,25.27,26.55,25.62,25.0,-6.5,2.7569999999999997
25.42,26.98,26.39,25.89,26.66,27.25,26.350000000000005,26.04000000000001,25.47,25.86,26.26,25.58,25.27,26.55,25.62,25.0,-6.0,3.2769999999999997
25.42,26.98,26.39,25.89,26.66,27.25,26.35,26.04,25.47,25.91,26.26,25.58,25.27,26.55,25.62,25.0,-6.0,1.69
25.42,26.98,26.39,25.89,26.66,27.25,26.3,26.04,25.47,25.86,26.26,25.58,25.27,26.55,25.62,25.0,-6.5,2.7310000000000003
25.42,26.94,26.39,25.89,26.66,27.25,26.35,26.04,25.47,25.86,26.26,25.58,25.27,26.5,25.62,25.0,-6.0,3.58
25.42,26.94,26.39,25.89,26.66,27.25,26.35,26.04,25.47,25.86,26.26,25.58,25.27,26.5,25.62,25.0,-6.0,1.6230000000000002
25.42,26.94,26.39,25.89,26.66,27.25,26.35,26.04,25.47,25.86,26.26,25.58,25.27,26.5,25.62,25.0,-6.0,3.013
25.42,26.94,26.39,25.89,26.61,27.2,26.35,26.04,25.47,25.86,26.26,25.53,25.27,26.5,25.62,25.0,-6.0,3.5010000000000003
25.42,26.94,26.39,25.89,26.61,27.2,26.3,26.04,25.47,25.86,26.26,25.53,25.27,26.5,25.62,25.0,-6.0,2.193
25.42,26.94,26.39,25.89,26.61,27.2,26.3,26.04,25.47,25.82,26.26,25.53,25.27,26.5,25.62,25.0,-6.0,2.9789999999999996
25.38,26.94,26.39,25.89,26.61,27.2,26.3,26.0,25.42,25.82,26.26,25.53,25.27,26.5,25.62,25.0,-6.0,3.377
25.38,26.899999999999995,26.39,25.89,26.61,27.2,26.3,26.0,25.42,25.820000000000004,26.26,25.53,25.27,26.5,25.58,25.0,-6.0,2.186
25.38,26.9,26.39,25.89,26.61,27.2,26.26,26.0,25.42,25.82,26.22,25.53,25.27,26.46,25.62,25.0,-6.0,3.035
25.38,26.9,26.39,25.89,26.61,27.16,26.26,26.0,25.42,25.82,26.22,25.53,25.27,26.46,25.62,25.0,-6.0,3.148
25.38,26.9,26.39,25.89,26.57,27.16,26.26,26.0,25.42,25.82,26.22,25.53,25.27,26.46,25.58,25.0,-6.0,2.469
25.38,26.9,26.39,25.89,26.57,27.16,26.26,26.0,25.42,25.78,26.22,25.53,25.27,26.46,25.58,25.0,-6.0,3.162
25.34,26.9,26.39,25.84,26.57,27.16,26.26,26.0,25.42,25.82,26.22,25.53,25.23,26.46,25.58,25.0,-6.0,1.9280000000000002
25.34,26.9,26.39,25.84,26.57,27.16,26.26,26.0,25.42,25.78,26.22,25.53,25.27,26.46,25.58,25.0,-6.0,2.7680000000000002
25.34,26.850000000000005,26.39,25.84,26.570000000000004,27.12,26.26,26.0,25.42,25.78,26.22,25.53,25.27,26.46,25.58,25.0,-6.0,3.219
25.29,26.85,26.39,25.84,26.57,27.12,26.26,26.0,25.42,25.82,26.22,25.53,25.23,26.46,25.58,25.0,-6.0,1.7919999999999998
25.29000000000001,26.850000000000005,26.39,25.84,26.570000000000004,27.12,26.22,26.0,25.42,25.78,26.22,25.53,25.23,26.41,25.58,25.0,-6.0,3.0580000000000003
25.29,26.85,26.39,25.84,26.52,27.12,26.26,26.0,25.42,25.78,26.22,25.53,25.23,26.41,25.58,25.0,-6.0,3.7739999999999996
25.29,26.85,26.39,25.84,26.52,27.12,26.22,26.0,25.42,25.78,26.22,25.53,25.23,26.41,25.58,25.0,-6.0,2.352
25.29,26.85,26.39,25.84,26.52,27.12,26.22,26.0,25.38,25.73,26.22,25.53,25.23,26.41,25.58,25.0,-6.0,2.891
25.29000000000001,26.81,26.350000000000005,25.84,26.52,27.09,26.22,25.95,25.38,25.73,26.22,25.49,25.23,26.41,25.58,25.0,-6.0,3.773
25.29,26.85,26.35,25.84,26.52,27.09,26.22,25.95,25.38,25.73,26.17,25.51,25.23,26.41,25.53,25.0,-6.5,2.406
25.29,26.81,26.35,25.84,26.52,27.09,26.22,25.95,25.38,25.69,26.17,25.49,25.23,26.41,25.53,25.0,-6.0,2.793
25.29,26.81,26.35,25.84,26.52,27.09,26.22,25.95,25.38,25.73,26.17,25.49,25.23,26.37,25.58,25.0,-6.5,1.4709999999999999
25.29000000000001,26.81,26.350000000000005,25.84,26.52,27.05,26.22,25.95,25.38,25.69,26.17,25.49,25.23,26.37,25.53,25.0,-6.0,2.985
25.25,26.81,26.350000000000005,25.8,26.52,27.05,26.17,25.95,25.38,25.73,26.17,25.49,25.23,26.37,25.53,25.0,-3.6666666666666665,3.285
25.25,26.81,26.350000000000005,25.8,26.52,27.05,26.17,25.95,25.38,25.69,26.17,25.49,25.23,26.37,25.53,25.0,-6.0,2.148
25.2,26.81,26.35,25.8,26.52,27.05,26.17,25.95,25.38,25.64,26.17,25.49,25.23,26.37,25.53,25.0,-6.0,3.4739999999999998
25.2,26.81,26.35,25.8,26.52,27.05,26.17,25.91,25.38,25.64,26.17,25.49,25.18,26.37,25.49,25.0,-6.0,3.315
25.2,26.77,26.350000000000005,25.8,26.48,27.01,26.17,25.91,25.34,25.64,26.17,25.49,25.18,26.37,25.53,25.0,-6.333333333333332,3.033
25.2,26.77,26.35,25.8,26.48,27.01,26.17,25.91,25.34,25.6,26.17,25.49,25.18,26.37,25.49,25.0,-6.0,3.721
25.2,26.77,26.35,25.8,26.48,27.01,26.13,25.91,25.34,25.6,26.17,25.49,25.18,26.33,25.49,25.0,-6.0,1.979
25.2,26.77,26.35,25.8,26.48,27.01,26.17,25.91,25.34,25.6,26.17,25.45,25.18,26.33,25.49,25.0,-6.0,3.359
25.25,26.77,26.3,25.8,26.48,27.01,26.17,25.91,25.34,25.64,26.13,25.45,25.18,26.33,25.49,25.0,-6.333333333333332,3.266
25.29000000000001,26.77,26.3,25.8,26.48,27.01,26.17,25.91,25.34,25.69,26.17,25.45,25.18,26.33,25.49,25.0,-6.0,1.3430000000000002
25.29,26.77,26.3,25.8,26.48,27.01,26.17,25.91,25.34,25.69,26.17,25.45,25.18,26.33,25.49,25.0,-6.0,2.508
25.29,26.77,26.3,25.8,26.48,27.01,26.17,25.91,25.34,25.69,26.13,25.45,25.18,26.33,25.49,25.0,-6.0,2.85
25.34,26.72,26.3,25.8,26.48,27.01,26.17,25.91,25.34,25.73,26.13,25.45,25.18,26.33,25.49,25.0,-6.0,1.0090000000000001
25.34,26.72,26.3,25.8,26.52,27.01,26.13,25.91,25.34,25.73,26.13,25.45,25.18,26.33,25.49,25.0,-6.0,2.137
25.34,26.72,26.3,25.8,26.52,27.01,26.17,25.91,25.34,25.73,26.13,25.45,25.18,26.33,25.49,25.0,-6.0,2.636
25.34,26.72,26.3,25.75,26.52,27.01,26.13,25.91,25.34,25.73,26.13,25.45,25.18,26.33,25.49,25.0,-6.0,0.915
25.34,26.72,26.3,25.75,26.52,27.01,26.17,25.91,25.34,25.73,26.13,25.45,25.18,26.33,25.49,25.0,-6.0,2.31
